,deltaI,deltaR
Decision Tree spec points,-0.11501,0.056505
Random Forest spec points,-0.09314716666666666,0.08927915000000002
AdaBoost spec points,-0.06880700000000001,0.21378000000000005
Gradient Boosting spec points,-0.0956884135465322,0.298046279216543
Independent Random Forests spec points,-0.06091675755555556,0.15909525444444444
